file_no,file_name,a,a*,b,b*
1,seqF-GA100000-0.50/final_20200905040809.p,TTCTG,CAGAA,ATCGG,CCGAT
2,seqF-GA100000-0.50/final_20200905090409.p,GAGAA,TTCTC,TGATT,AATCA
3,seqF-GA100000-0.50/final_20200905072757.p,GATTC,GAATC,ACACA,TGTGT
4,seqF-GA100000-0.50/final_20200905054224.p,GTTTC,GAAAC,TGACA,TGTCA
5,seqF-GA100000-0.50/final_20200905103743.p,GGGAC,GTCCC,ATTTA,TAAAT
6,seqF-random100000-0.50/final_20200904023946.p,TTCAA,TTGAA,AGGGG,CCCCT
7,seqF-random100000-0.50/final_20200904063514.p,CGAGC,GCTCG,TGGGG,CCCCA
8,seqF-random100000-0.50/final_20200904033829.p,TTGTT,AACAA,GCCCC,GGGGC
9,seqF-random100000-0.50/final_20200904053546.p,CGAGC,GCTCG,TGGGG,CCCCA
10,seqF-random100000-0.50/final_20200904043706.p,TTGAA,TTCAA,AGGGG,CCCCT