file_no,file_name,a,a*,b,b*,c,c*,d,d*,e,e*,f,f*
1,seqI-GA100000-0.85/final_20200906004827.p,GTTCCAGCACCTTCACT,AGTGAAGGTGCTGGAAC,TCAGCCGGTGGACTGAG,CTCAGTCCACCGGCTGA,GGCAACGTCCTGTTACT,AGTAACAGGACGTTGCC,GAACCCGGGAAAGAC,GTCTTTCCCGGGTTC,TTGAAGAGTAGAGCACA,TGTGCTCTACTCTTCAA,CCTAGAGAGGCGCACAT,ATGTGCGCCTCTCTAGG
2,seqI-GA100000-0.85/final_20200907030544.p,CCCGCTAATAGGTAAAC,GTTTACCTATTAGCGGG,CGAGGAACTCGGATGAT,ATCATCCGAGTTCCTCG,ACCCCAGACCTCTTTGT,ACAAAGAGGTCTGGGGT,GGAAAACGGGGATTC,GAATCCCCGTTTTCC,CGGAGGGTGAGAGGCAA,TTGCCTCTCACCCTCCG,ACTAGGACTAAGCTAAT,ATTAGCTTAGTCCTAGT
3,seqI-GA100000-0.85/final_20200907180247.p,AAACCTCAGTTCCAGAC,GTCTGGAACTGAGGTTT,AGAGCTGCGGTGCGTAC,GTACGCACCGCAGCTCT,ATCCTAGCAATTAGCTA,TAGCTAATTGCTAGGAT,GATTTTTACTAATGG,CCATTAGTAAAAATC,ATTGTGTCCGGGAATAT,ATATTCCCGGACACAAT,CCGATTTCTACCAGGCC,GGCCTGGTAGAAATCGG
4,seqI-GA100000-0.85/final_20200908081132.p,AGTCACAATGCTTTGAG,CTCAAAGCATTGTGACT,TTTCATTCTGGTATACC,GGTATACCAGAATGAAA,ATATCCTGGTTCTTTTA,TAAAAGAACCAGGATAT,AGGCGCGCACTTTTC,GAAAAGTGCGCGCCT,AAGGCCCGCCCGATCAA,TTGATCGGGCGGGCCTT,CCTAACTGCATCGCAGG,CCTGCGATGCAGTTAGG
5,seqI-GA100000-0.85/final_20200906134808.p,CACAACGGGCTAGTCGC,GCGACTAGCCCGTTGTG,CAATGCCCAATAGTGTA,TACACTATTGGGCATTG,TTGCATCTGCACAAATA,TATTTGTGCAGATGCAA,CGAAGGTAAGTACAC,GTGTACTTACCTTCG,TCACTTTGCACAGCAGT,ACTGCTGTGCAAAGTGA,ATATGGTTTCGTGCGGT,ACCGCACGAAACCATAT
6,seqI-random100000-0.85/final_20200920175938.p,CAATCGTCCGGTGTCGA,TCGACACCGGACGATTG,GTATGTTGAATATGACT,AGTCATATTCAACATAC,AGTTTGAGGACGCCTCT,AGAGGCGTCCTCAAACT,ATTCTGTGTTTGCAT,ATGCAAACACAGAAT,CTCCACCCGTCCCGAGG,CCTCGGGACGGGTGGAG,TTTCGCGGTCACCTGCG,CGCAGGTGACCGCGAAA
7,seqI-random100000-0.85/final_20200905025650.p,AGCCGTTACTGCGGACA,TGTCCGCAGTAACGGCT,TCGCTTTGCTGTCCGCG,CGCGGACAGCAAAGCGA,CGGATGGCGACCTGGTA,TACCAGGTCGCCATCCG,AGGCGTCGTATGGAC,GTCCATACGACGCCT,GGGCTGAAGGTCGAATA,TATTCGACCTTCAGCCC,AAAGCCAGAGTCGTACG,CGTACGACTCTGGCTTT
8,seqI-random100000-0.85/final_20200921014231.p,CGTGCTGGGATTTCTGC,GCAGAAATCCCAGCACG,ACGCAACGAACATATGA,TCATATGTTCGTTGCGT,ATATCTCAACCTAAGCC,GGCTTAGGTTGAGATAT,GGCACGACACTCCGC,GCGGAGTGTCGTGCC,CTTTCTGTCGTGGACTT,AAGTCCACGACAGAAAG,AATATCCCGCATGAACT,AGTTCATGCGGGATATT
9,seqI-random100000-0.85/final_20200920101707.p,GATGAAAATAGTTCAGC,GCTGAACTATTTTCATC,TTCATGCAAAACGCCCC,GGGGCGTTTTGCATGAA,TTACGATTACCCGTCTA,TAGACGGGTAATCGTAA,GCAAACGTACTCAAG,CTTGAGTACGTTTGC,TCCGACTGGGAGCCTAT,ATAGGCTCCCAGTCGGA,GCAAACTTTCTAGTGAG,CTCACTAGAAAGTTTGC
10,seqI-random100000-0.85/final_20200904175437.p,CGTTTCCATTCCAGGCG,CGCCTGGAATGGAAACG,AGTCAAGAGACGAATCG,CGATTCGTCTCTTGACT,GTATTTAAACAACCGTC,GACGGTTGTTTAAATAC,GGATCCGATCGCATA,TATGCGATCGGATCC,CAGATGAGAAGCATGAC,GTCATGCTTCTCATCTG,TTATCCTTCACATGTTG,CAACATGTGAAGGATAA
11,seqI-random100000-0.85/final_20200920023432.p,TACGAACTTCTGCGCAC,GTGCGCAGAAGTTCGTA,GGAACCGCTTTGCCTCA,TGAGGCAAAGCGGTTCC,GAACAAAACCATAAGTG,CACTTATGGTTTTGTTC,AGCTTGCAACACTAC,GTAGTGTTGCAAGCT,GGGTGGAATTTGTGGAG,CTCCACAAATTCCACCC,CACCCTTCTTCGCCCTA,TAGGGCGAAGAAGGGTG
12,seqI-random100000-0.85/final_20200921092535.p,GCACGGGCCCAGTGCTA,TAGCACTGGGCCCGTGC,GTGGTGACTTGCGCTCA,TGAGCGCAAGTCACCAC,TGGCTACTGCCTTCTAG,CTAGAAGGCAGTAGCCA,CCCTACGTCTAAACA,TGTTTAGACGTAGGG,AGCTCGTCGTAAACCCT,AGGGTTTACGACGAGCT,CCTCGTGACGTTCTCCA,TGGAGAACGTCACGAGG
13,seqI-random100000-0.85/final_20200905162726.p,ATGAGCTCTTGTGGCAA,TTGCCACAAGAGCTCAT,CCTTGCATGTAGATCAC,GTGATCTACATGCAAGG,AGAGCAATGGGCTAGCT,AGCTAGCCCATTGCTCT,GGTTCCGGGGTGTTA,TAACACCCCGGAACC,TCCCAGGCGGACGGCGC,GCGCCGTCCGCCTGGGA,TAAGGGAGGTTTTCCGT,ACGGAAAACCTCCCTTA
14,seqI-random100000-0.85/final_20200904085717.p,TATCGTTGCATGAGGTA,TACCTCATGCAACGATA,GTATCTCACAGCGGTTT,AAACCGCTGTGAGATAC,CGCATTTTCTAGTTGAG,CTCAACTAGAAAATGCG,GCAGCCGGGCCCGAC,GTCGGGCCCGGCTGC,CTCACACGCTCTAAAAA,TTTTTAGAGCGTGTGAG,GGGGGGTCGGAATTTCG,CGAAATTCCGACCCCCC
15,seqI-random100000-0.85/final_20200905094403.p,CGGAGAACGGCGCCCGG,CCGGGCGCCGTTCTCCG,AGTCAGATTCTCTCCTT,AAGGAGAGAATCTGACT,GGAGATCTTCTTCGGCA,TGCCGAAGAAGATCTCC,ACGTCTCGTACCCCA,TGGGGTACGAGACGT,CCCATACGGGTCAGACG,CGTCTGACCCGTATGGG,TTTTTTATTCTGGTGAA,TTCACCAGAATAAAAAA