GTTACTTGGA,TCCAAGTAAC,GGTTTTTTGC,GCAAAAAAC
CAAATGGGAG,CTCCCATTTG,TCTTACCAGC,GCTGGTAAG
GCTCGTCGTG,CACGACGAGC,TTCTGACGAC,GTCGTCAGA
CTACGGCAGA,TCTGCCGTAG,TGTGCTAAGC,GCTTAGCAC
AACGCGCGTG,CACGCGCGTT,GACAACTGAA,TTCAGTTGT
GTCAGATGAC,GTCATCTGAC,AATTCGAATT,AATTCGAAT
CGCCGCCGCG,CGCGGCGGCG,CAATATTGAT,ATCAATATT
CACGCGTGCG,CGCACGCGTG,TATACGTATA,TATACGTAT
TCCTTTAAGG,CCTTAAAGGA,ATCGGCGCCG,CGGCGCCGA
GCGGCCGCGA,TCGCGGCCGC,GCATTAATGC,GCATTAATG
ACCCTGAGGA,TCCTCAGGGT,CGCTTACTGC,GCAGTAAGC
TAAAATTCTC,GAGAATTTTA,GCGAAGATGC,GCATCTTCG
AATCTTTCAG,CTGAAAGATT,TTACGGAAGA,TCTTCCGTA
CCACATCCGC,GCGGATGTGG,AGGAAGAACA,TGTTCTTCC
GTGAGGAATC,GATTCCTCAC,CCCCTCAACG,CGTTGAGGG
GGCGTACGCT,AGCGTACGCC,CGGATACTGA,TCAGTATCC
GGGCGTCCCA,TGGGACGCCC,GCACTACGTG,CACGTAGTG
GCCGTACGGT,ACCGTACGGC,ACTTGGAGCG,CGCTCCAAG
GGCCCGGGCA,TGCCCGGGCC,CGAATGACGC,GCGTCATTC
CCGAGCTCGT,ACGAGCTCGG,TCGCCATCGA,TCGATGGCG
GTCCGTTCTA,TAGAACGGAC,TTTAGAAATT,AATTTCTAA
ACCTAAGCCG,CGGCTTAGGT,GTCCTTCTTC,GAAGAAGGA
TAGTGTATTT,AAATACACTA,TTTACCCTGC,GCAGGGTAA
TTCTTCCTGT,ACAGGAAGAA,GGACGGATAT,ATATCCGTC
CATAGCATGC,GCATGCTATG,CGTCTAATCC,GGATTAGAC
CGTTTCCGGT,ACCGGAAACG,CTGGCGGGAT,ATCCCGCCA
TACGTTCTCG,CGAGAACGTA,ATCCGTCCTC,GAGGACGGA
ACCTGTCTGG,CCAGACAGGT,ATCGTTTGGG,CCCAAACGA
CTTCTTGCAG,CTGCAAGAAG,ATCTTTTGAT,ATCAAAAGA
CAGGTTCTGG,CCAGAACCTG,CGCTTGGGAT,ATCCCAAGC
TGGCCTCACG,CGTGAGGCCA,AGACGTTCTC,GAGAACGTC
TTTGCTGTTT,AAACAGCAAA,GGCGTTTATC,GATAAACGC
AGAGCCGAAA,TTTCGGCTCT,CAGGGCGTAG,CTACGCCCT
TACTACAATC,GATTGTAGTA,CCAGAGTAAA,TTTACTCTG
AATTCAACGC,GCGTTGAATT,CCCAAGAGAG,CTCTCTTGG
CGTGTAGTAT,ATACTACACG,ATCCGTACGG,CCGTACGGA
GCAGAGTTTT,AAAACTCTGC,AACGTCGTTT,AAACGACGT
TGTGAGGTGA,TCACCTCACA,CGCTAGCGAT,ATCGCTAGC
ACTGCAAAGT,ACTTTGCAGT,CGCATGCGAT,ATCGCATGC
TCTTTAATTA,TAATTAAAGA,GCGCCATGGC,GCCATGGCG
CCCTT,AAGGG,GAGTC,GACT
ACGAG,CTCGT,CACAG,CTGT
CCATT,AATGG,GGCGA,TCGC
CGTGG,CCACG,CGCAG,CTGC
GGTTC,GAACC,AGGAA,TTCC
GTAAT,ATTAC,GGGGC,GCCC
CTCCT,AGGAG,TAAAG,CTTT
ACTGG,CCAGT,CTCTC,GAGA
GTATT,AATAC,GGGGC,GCCC
ATCCG,CGGAT,CTCTC,GAGA
TTCTG,CAGAA,ATCGG,CCGA
GAGAA,TTCTC,TGATT,AATC
GATTC,GAATC,ACACA,TGTG
GTTTC,GAAAC,TGACA,TGTC
GGGAC,GTCCC,ATTTA,TAAA
TTCAA,TTGAA,AGGGG,CCCC
CGAGC,GCTCG,TGGGG,CCCC
TTGTT,AACAA,GCCCC,GGGG
CGAGC,GCTCG,TGGGG,CCCC
TTGAA,TTCAA,AGGGG,CCCC
CTGGA,TCCAG,CGTGT,ACAC
GAAGG,CCTTC,CAGCT,AGCT
GGCGA,TCGCC,GAGTC,GACT
TTCCT,AGGAA,AGATA,TATC
TTCAA,TTGAA,TGTTA,TAAC
GGGAC,GTCCC,TGGCA,TGCC
CCTTT,AAAGG,GCGGG,CCCG
CCCTG,CAGGG,ACGAT,ATCG
AAGAT,ATCTT,TGGCA,TGCC
CGGAG,CTCCG,TGGCA,TGCC
ATACG,CGTAT,AGTCA,TGAC
CAGGT,ACCTG,TAAAA,TTTT
GGGCA,TGCCC,GAAAA,TTTT
CCGTT,AACGG,GGGCG,CGCC
ATATC,GATAT,AGCCT,AGGC
GTACC,GGTAC,GGGCG,CGCC
GTTCG,CGAAC,GGCGG,CCGC
TTGAG,CTCAA,TTCCT,AGGA
TTAAG,CTTAA,TTGCT,AGCA
GGTAC,GTACC,GGGCG,CGCC
GTTCCAGCACCTTCACT,AGTGAAGGTGCTGGAAC,TCAGCCGGTGGACTGAG,CTCAGTCCACCGGCTGA,GGCAACGTCCTGTTACT,AGTAACAGGACGTTGCC,GAACCCGGGAAAGAC,GTCTTTCCCGGGTTC,TTGAAGAGTAGAGCACA,TGTGCTCTACTCTTCAA,CCTAGAGAGGCGCACAT,ATGTGCGCCTCTCTAGG
CCCGCTAATAGGTAAAC,GTTTACCTATTAGCGGG,CGAGGAACTCGGATGAT,ATCATCCGAGTTCCTCG,ACCCCAGACCTCTTTGT,ACAAAGAGGTCTGGGGT,GGAAAACGGGGATTC,GAATCCCCGTTTTCC,CGGAGGGTGAGAGGCAA,TTGCCTCTCACCCTCCG,ACTAGGACTAAGCTAAT,ATTAGCTTAGTCCTAGT
AAACCTCAGTTCCAGAC,GTCTGGAACTGAGGTTT,AGAGCTGCGGTGCGTAC,GTACGCACCGCAGCTCT,ATCCTAGCAATTAGCTA,TAGCTAATTGCTAGGAT,GATTTTTACTAATGG,CCATTAGTAAAAATC,ATTGTGTCCGGGAATAT,ATATTCCCGGACACAAT,CCGATTTCTACCAGGCC,GGCCTGGTAGAAATCGG
AGTCACAATGCTTTGAG,CTCAAAGCATTGTGACT,TTTCATTCTGGTATACC,GGTATACCAGAATGAAA,ATATCCTGGTTCTTTTA,TAAAAGAACCAGGATAT,AGGCGCGCACTTTTC,GAAAAGTGCGCGCCT,AAGGCCCGCCCGATCAA,TTGATCGGGCGGGCCTT,CCTAACTGCATCGCAGG,CCTGCGATGCAGTTAGG
CACAACGGGCTAGTCGC,GCGACTAGCCCGTTGTG,CAATGCCCAATAGTGTA,TACACTATTGGGCATTG,TTGCATCTGCACAAATA,TATTTGTGCAGATGCAA,CGAAGGTAAGTACAC,GTGTACTTACCTTCG,TCACTTTGCACAGCAGT,ACTGCTGTGCAAAGTGA,ATATGGTTTCGTGCGGT,ACCGCACGAAACCATAT
CAATCGTCCGGTGTCGA,TCGACACCGGACGATTG,GTATGTTGAATATGACT,AGTCATATTCAACATAC,AGTTTGAGGACGCCTCT,AGAGGCGTCCTCAAACT,ATTCTGTGTTTGCAT,ATGCAAACACAGAAT,CTCCACCCGTCCCGAGG,CCTCGGGACGGGTGGAG,TTTCGCGGTCACCTGCG,CGCAGGTGACCGCGAAA
AGCCGTTACTGCGGACA,TGTCCGCAGTAACGGCT,TCGCTTTGCTGTCCGCG,CGCGGACAGCAAAGCGA,CGGATGGCGACCTGGTA,TACCAGGTCGCCATCCG,AGGCGTCGTATGGAC,GTCCATACGACGCCT,GGGCTGAAGGTCGAATA,TATTCGACCTTCAGCCC,AAAGCCAGAGTCGTACG,CGTACGACTCTGGCTTT
CGTGCTGGGATTTCTGC,GCAGAAATCCCAGCACG,ACGCAACGAACATATGA,TCATATGTTCGTTGCGT,ATATCTCAACCTAAGCC,GGCTTAGGTTGAGATAT,GGCACGACACTCCGC,GCGGAGTGTCGTGCC,CTTTCTGTCGTGGACTT,AAGTCCACGACAGAAAG,AATATCCCGCATGAACT,AGTTCATGCGGGATATT
GATGAAAATAGTTCAGC,GCTGAACTATTTTCATC,TTCATGCAAAACGCCCC,GGGGCGTTTTGCATGAA,TTACGATTACCCGTCTA,TAGACGGGTAATCGTAA,GCAAACGTACTCAAG,CTTGAGTACGTTTGC,TCCGACTGGGAGCCTAT,ATAGGCTCCCAGTCGGA,GCAAACTTTCTAGTGAG,CTCACTAGAAAGTTTGC
CGTTTCCATTCCAGGCG,CGCCTGGAATGGAAACG,AGTCAAGAGACGAATCG,CGATTCGTCTCTTGACT,GTATTTAAACAACCGTC,GACGGTTGTTTAAATAC,GGATCCGATCGCATA,TATGCGATCGGATCC,CAGATGAGAAGCATGAC,GTCATGCTTCTCATCTG,TTATCCTTCACATGTTG,CAACATGTGAAGGATAA
TACGAACTTCTGCGCAC,GTGCGCAGAAGTTCGTA,GGAACCGCTTTGCCTCA,TGAGGCAAAGCGGTTCC,GAACAAAACCATAAGTG,CACTTATGGTTTTGTTC,AGCTTGCAACACTAC,GTAGTGTTGCAAGCT,GGGTGGAATTTGTGGAG,CTCCACAAATTCCACCC,CACCCTTCTTCGCCCTA,TAGGGCGAAGAAGGGTG
GCACGGGCCCAGTGCTA,TAGCACTGGGCCCGTGC,GTGGTGACTTGCGCTCA,TGAGCGCAAGTCACCAC,TGGCTACTGCCTTCTAG,CTAGAAGGCAGTAGCCA,CCCTACGTCTAAACA,TGTTTAGACGTAGGG,AGCTCGTCGTAAACCCT,AGGGTTTACGACGAGCT,CCTCGTGACGTTCTCCA,TGGAGAACGTCACGAGG
ATGAGCTCTTGTGGCAA,TTGCCACAAGAGCTCAT,CCTTGCATGTAGATCAC,GTGATCTACATGCAAGG,AGAGCAATGGGCTAGCT,AGCTAGCCCATTGCTCT,GGTTCCGGGGTGTTA,TAACACCCCGGAACC,TCCCAGGCGGACGGCGC,GCGCCGTCCGCCTGGGA,TAAGGGAGGTTTTCCGT,ACGGAAAACCTCCCTTA
TATCGTTGCATGAGGTA,TACCTCATGCAACGATA,GTATCTCACAGCGGTTT,AAACCGCTGTGAGATAC,CGCATTTTCTAGTTGAG,CTCAACTAGAAAATGCG,GCAGCCGGGCCCGAC,GTCGGGCCCGGCTGC,CTCACACGCTCTAAAAA,TTTTTAGAGCGTGTGAG,GGGGGGTCGGAATTTCG,CGAAATTCCGACCCCCC
CGGAGAACGGCGCCCGG,CCGGGCGCCGTTCTCCG,AGTCAGATTCTCTCCTT,AAGGAGAGAATCTGACT,GGAGATCTTCTTCGGCA,TGCCGAAGAAGATCTCC,ACGTCTCGTACCCCA,TGGGGTACGAGACGT,CCCATACGGGTCAGACG,CGTCTGACCCGTATGGG,TTTTTTATTCTGGTGAA,TTCACCAGAATAAAAAA
CTGCGAAACTAAAAGGG,CCCTTTTAGTTTCGCAG,CCTAAACAAACTCCCGC,GCGGGAGTTTGTTTAGG,CGCCTATTACGATCTAG,CTAGATCGTAATAGGCG,CCTGTGCAAGAGTAA,TTACTCTTGCACAGG,CAATACGCTCGTGCTGA,TCAGCACGAGCGTATTG,ACCCTAACCCATCGATA,TATCGATGGGTTAGGGT
TAAATACCTAGGATAGC,GCTATCCTAGGTATTTA,CCTGAATGGAACCAAGC,GCTTGGTTCCATTCAGG,GTACTAAGCATCCGTAG,CTACGGATGCTTAGTAC,CCGGACGCGACCGAC,GTCGGTCGCGTCCGG,GGGGCATCCGCAAACGC,GCGTTTGCGGATGCCCC,CCGATCAGCCGTGCGGC,GCCGCACGGCTGATCGG
CTGTTTAATTGTTGCTA,TAGCAACAATTAAACAG,CGGTTGCCACTGATTTA,TAAATCAGTGGCAACCG,CTATGCCCTGTAGGGCA,TGCCCTACAGGGCATAG,GTAGAGGGGATCCAA,TTGGATCCCCTCTAC,TTCTCTGTGTCCTGTTA,TAACAGGACACAGAGAA,GATAACTACCGGTACGT,ACGTACCGGTAGTTATC
GTACCCCTTTTCTGTTT,AAACAGAAAAGGGGTAC,CGGCGGCTTAAGACGTT,AACGTCTTAAGCCGCCG,TACGATTCGTAAAACGG,CCGTTTTACGAATCGTA,CGGCTGATAAGACTG,CAGTCTTATCAGCCG,TATCCGTCACCGGTGGC,GCCACCGGTGACGGATA,AAAACGGAATGGCTCTC,GAGAGCCATTCCGTTTT
CATTTGGTGAGCCTGCA,TGCAGGCTCACCAAATG,CGCACCGCGGTAGTACC,GGTACTACCGCGGTGCG,AGTGTCACCGCTTAATT,AATTAAGCGGTGACACT,CCACAAAAAGGATGT,ACATCCTTTTTGTGG,TGTGCGTGCGATAGATC,GATCTATCGCACGCACA,GTACCATGTGCTGTATA,TATACAGCACATGGTAC
TTGGCTCTCCGTTCTGC,GCAGAACGGAGAGCCAA,CTGTTCAGCGGCTTGTC,GACAAGCCGCTGAACAG,TAGCGTTGCAAGCTGTC,GACAGCTTGCAACGCTA,CAGGAGTCCTCTAGC,GCTAGAGGACTCCTG,TATTCCAAGCCCACCAA,TTGGTGGGCTTGGAATA,CCGATATACCGTTTGCC,GGCAAACGGTATATCGG
AACGATGTGTATGTCCG,CGGACATACACATCGTT,AGGGGACATGCAAAACA,TGTTTTGCATGTCCCCT,CCACAGACGAGTTACCT,AGGTAACTCGTCTGTGG,CACTCAATCCTTTTG,CAAAAGGATTGAGTG,TCGCCATAGAGCAATAA,TTATTGCTCTATGGCGA,GACGGAGTTTACCGATT,AATCGGTAAACTCCGTC
TCGCGTCTTTGTATCGC,GCGATACAAAGACGCGA,TCGCAAAAGAAGTTTAT,ATAAACTTCTTTTGCGA,TTCGGGTCTCGATAAAC,GTTTATCGAGACCCGAA,CCGCTTTATACGCAT,ATGCGTATAAAGCGG,GGGCTCAGATGGTTAGG,CCTAACCATCTGAGCCC,CGCCAAAAATCGGTCAG,CTGACCGATTTTTGGCG
TGGAGGACGAAAGGGCC,GGCCCTTTCGTCCTCCA,ACGTAAGCGGCCTAGGA,TCCTAGGCCGCTTACGT,TCAAAGGTCAACGGGAT,ATCCCGTTGACCTTTGA,ACATTCTTTGGGTAA,TTACCCAAAGAATGT,TGGATCCTTTGCCAGAG,CTCTGGCAAAGGATCCA,CTTATCAAGGCGCCCGC,GCGGGCGCCTTGATAAG
TTTTACGAGCTAGCTGC,GCAGCTAGCTCGTAAAA,TGCGAGGCAACTACTGG,CCAGTAGTTGCCTCGCA,GAAACCGCCCTAACGGT,ACCGTTAGGGCGGTTTC,TTCCTCGCGCTAGGT,ACCTAGCGCGAGGAA,CTGCGAGTGTAGGGACC,GGTCCCTACACTCGCAG,CTCACAGGCAGGAACCG,CGGTTCCTGCCTGTGAG
TGGCGCCGAGCATGGTG,CACCATGCTCGGCGCCA,ATCACCTTTACGCTAAG,CTTAGCGTAAAGGTGAT,TCACTGAAGTTTCATGC,GCATGAAACTTCAGTGA,TAAGACCCGCGCCGT,ACGGCGCGGGTCTTA,CCTCCATTCGACGTAAC,GTTACGTCGAATGGAGG,GCAACAAAAGTTCAGGG,CCCTGAACTTTTGTTGC
CGAACCCAATAGAGGAC,GTCCTCTATTGGGTTCG,CGTGCAACTATGAGGGG,CCCCTCATAGTTGCACG,TAAGCTTGGAACAGAAG,CTTCTGTTCCAAGCTTA,GAAACCCCCGGCCAA,TTGGCCGGGGGTTTC,TCCCCGCGTGCAATGTT,AACATTGCACGCGGGGA,CTTTGAGTAGCTGGCTA,TAGCCAGCTACTCAAAG
TTTGCGTTTGAGAGGAC,GTCCTCTCAAACGCAAA,ACCGCTGATCATGTCCT,AGGACATGATCAGCGGT,CGGCCTAAAATTGTTCC,GGAACAATTTTAGGCCG,GAGGTTCGGCGCAAA,TTTGCGCCGAACCTC,CCCGATACGCGTCTAGT,ACTAGACGCGTATCGGG,TCGAGGGCTTTAGGTCT,AGACCTAAAGCCCTCGA
GGATGGCCATAGAGTAT,ATACTCTATGGCCATCC,TCCTGCCGCATTGAACA,TGTTCAATGCGGCAGGA,GGTGCATTCAGCTACAG,CTGTAGCTGAATGCACC,TAAGTCGTGAGGGTT,AACCCTCACGACTTA,CGCTTGGTTTAGGCGAG,CTCGCCTAAACCAAGCG,TCATGACCGCCATTGAG,CTCAATGGCGGTCATGA
TGTACCCCGCCTATTGT,ACAATAGGCGGGGTACA,TAGTTCGAGTGGAGTCG,CGACTCCACTCGAACTA,AAACGCAAAGTACATAC,GTATGTACTTTGCGTTT,GGTCTCACCATTCAT,ATGAATGGTGAGACC,CTTCCATCAATAAACAT,ATGTTTATTGATGGAAG,ATACTCGCAAGGACAAT,ATTGTCCTTGCGAGTAT
CGTCTTAGGGCTGATCC,GGATCAGCCCTAAGACG,GGGCAGCGGGCGTACCT,AGGTACGCCCGCTGCCC,TACTAACTCGCTTAGGA,TCCTAAGCGAGTTAGTA,CACTTACGGAGAGGC,GCCTCTCCGTAAGTG,GGGTCTAATCTCGGACT,AGTCCGAGATTAGACCC,GTAGCTCCCTAAGAAGA,TCTTCTTAGGGAGCTAC
AATATTATTAGGCAGGT,ACCTGCCTAATAATATT,TAGGGGGTGGTGACATG,CATGTCACCACCCCCTA,GCTTGCCCTCCCGACAC,GTGTCGGGAGGGCAAGC,AGCTAGTCGAGTTAG,CTAACTCGACTAGCT,AAGTAGCGGAGATTTAT,ATAAATCTCCGCTACTT,GTATCCTGGGGTACCAG,CTGGTACCCCAGGATAC
CCGGGGGGGGGGATAAT,ATTATCCCCCCCCCCGG,TGATCGTCCTTCGCCGG,CCGGCGAAGGACGATCA,CTCCTAACTATTTAAAT,ATTTAAATAGTTAGGAG,AGTTTTCGCCATGAT,ATCATGGCGAAAACT,CCAGAGTAAAGTGGGTG,CACCCACTTTACTCTGG,GCCCTGTCGGCCGTTCT,AGAACGGCCGACAGGGC
GCGCCCTGAAGGGGGAA,TTCCCCCTTCAGGGCGC,CTTGATACGAGATCTCT,AGAGATCTCGTATCAAG,TCAGCCCTTATTAGCCC,GGGCTAATAAGGGCTGA,CCTGTGCAGGCACTC,GAGTGCCTGCACAGG,TTGGCTAGAAGTTCTCG,CGAGAACTTCTAGCCAA,ACAGTGGTCCTCTCAGC,GCTGAGAGGACCACTGT
TGCCCGAGGCTTCGGGA,TCCCGAAGCCTCGGGCA,CAAACTGACCTTTGATT,AATCAAAGGTCAGTTTG,CTGAGTATACTTACCGG,CCGGTAAGTATACTCAG,CCATGAACAGTTGGT,ACCAACTGTTCATGG,AAGGGTTAACCGCCTAA,TTAGGCGGTTAACCCTT,CCGCGAGCAGTTATCCA,TGGATAACTGCTCGCGG
GACGAGTTGTCATAACT,AGTTATGACAACTCGTC,CCCCCTGGAGACCCAGG,CCTGGGTCTCCAGGGGG,TAGTTAGCTCTCTAGCG,CGCTAGAGAGCTAACTA,CCAGCTGACGGCCGT,ACGGCCGTCAGCTGG,CCATGGTCGCCACCATG,CATGGTGGCGACCATGG,TAACTTGGACAACGATG,CATCGTTGTCCAAGTTA
CCTGTGGGCATATGAGG,CCTCATATGCCCACAGG,GCGTCTGCCACTGGAAA,TTTCCAGTGGCAGACGC,TCACAACTGAATCTCAG,CTGAGATTCAGTTGTGA,CAGTCCGGTGGCGCG,CGCGCCACCGGACTG,CACGAATATAGTGGAGG,CCTCCACTATATTCGTG,GCAAGAGAGAGTTTGCG,CGCAAACTCTCTCTTGC
GTGGGGGCCAGGATGTG,CACATCCTGGCCCCCAC,TACAAGAAGGGGGCTAA,TTAGCCCCCTTCTTGTA,CCATTTAGTTGAGTGTT,AACACTCAACTAAATGG,TGTGTGTATAACACT,AGTGTTATACACACA,CGTTATACATTGCCAGG,CCTGGCAATGTATAACG,AACGGTCGATCACGCGG,CCGCGTGATCGACCGTT
GTGGCCTTACTGTGGTG,CACCACAGTAAGGCCAC,TTCTGATAACGTATACA,TGTATACGTTATCAGAA,ACTTTCTGATCCAATGA,TCATTGGATCAGAAAGT,AGTTTGATCTTCCCG,CGGGAAGATCAAACT,AACTTCCCTTGGAGTCC,GGACTCCAAGGGAAGTT,TGCATGGCGGGGTGTCG,CGACACCCCGCCATGCA
GTTTTGACTTAATGCAA,TTGCATTAAGTCAAAAC,GGGCATACTCGGGCTAG,CTAGCCCGAGTATGCCC,GTTCGGACTCATGTCGA,TCGACATGAGTCCGAAC,GGCTCTGTGCATGGG,CCCATGCACAGAGCC,ATGACGATGGCTCTGCC,GGCAGAGCCATCGTCAT,TATACAGGTTGCCGGCA,TGCCGGCAACCTGTATA
GCAACAAGAAGTTAGGT,ACCTAACTTCTTGTTGC,CCCCTCGGCGAGCAGGG,CCCTGCTCGCCGAGGGG,GGCATGCAACGTGCGTT,AACGCACGTTGCATGCC,ATGCTACATTCTTTG,CAAAGAATGTAGCAT,AGGCATTTACGAGTGGT,ACCACTCGTAAATGCCT,AGGTAAGGGCGATATAG,CTATATCGCCCTTACCT
GCTGAACGTTTCATGTA,TACATGAAACGTTCAGC,AGGACGTGTAGATATAA,TTATATCTACACGTCCT,TTATAATTGCATTGAAG,CTTCAATGCAATTATAA,GGCCACGCCCCTGAA,TTCAGGGGCGTGGCC,AAAAAGGTGTATCGTCC,GGACGATACACCTTTTT,GGTCCGGGTCGCTCAGG,CCTGAGCGACCCGGACC
AGCCAAACTACGTTGCC,GGCAACGTAGTTTGGCT,TACGCATATTAGAGCGC,GCGCTCTAATATGCGTA,AAGAATACCTGACGCAA,TTGCGTCAGGTATTCTT,TGATGCATCTGGCCA,TGGCCAGATGCATCA,GTACCCCAAAGTCCGGA,TCCGGACTTTGGGGTAC,ATTTACAGATGCTCTGA,TCAGAGCATCTGTAAAT
GCGACACGGCTGTTCGC,GCGAACAGCCGTGTCGC,CCATGGTGGACGGTACA,TGTACCGTCCACCATGG,GTCGAGTGGTTCTCGAG,CTCGAGAACCACTCGAC,GTCGCGGCTGAGTAG,CTACTCAGCCGCGAC,CGCGAGAGGGGTGCTAC,GTAGCACCCCTCTCGCG,GTCATCCTAGGCAAAAT,ATTTTGCCTAGGATGAC
TGGTTTTCACGGATTGC,GCAATCCGTGAAAACCA,CGAAAAAACCATGCTTT,AAAGCATGGTTTTTTCG,CGACATCTTATCCGTGC,GCACGGATAAGATGTCG,AGACACTCACAGTCT,AGACTGTGAGTGTCT,ACGTATGCAGATCCTTT,AAAGGATCTGCATACGT,TATAATTGAGTCAATAA,TTATTGACTCAATTATA
CACGGCGGCGATTTTGC,GCAAAATCGCCGCCGTG,TCCTATGATACGTCCGA,TCGGACGTATCATAGGA,CCGGATATCAGAGGCCG,CGGCCTCTGATATCCGG,CAACGACCGAAGAGC,GCTCTTCGGTCGTTG,GGCAATTTACGGTCAAG,CTTGACCGTAAATTGCC,AAGATAACCGTTCTGTC,GACAGAACGGTTATCTT
TCCCAAAGATACATGTG,CACATGTATCTTTGGGA,CTGATGAGAGCTCTATC,GATAGAGCTCTCATCAG,ATTGACGGGGTTCAAGG,CCTTGAACCCCGTCAAT,CCCCCCCCGCCTGGC,GCCAGGCGGGGGGGG,GCCGTGGCTACGATTTA,TAAATCGTAGCCACGGC,AGAACGACGTAGACTCC,GGAGTCTACGTCGTTCT
GCTACCTGATTGATCAT,ATGATCAATCAGGTAGC,ACGCTTGGCCCAAGTTC,GAACTTGGGCCAAGCGT,CCCATCAAGCAATGGTT,AACCATTGCTTGATGGG,AGACGGTTCTCGGGG,CCCCGAGAACCGTCT,GCGAATCTAACGAGGCC,GGCCTCGTTAGATTCGC,ACCAAAATAACCACTGT,ACAGTGGTTATTTTGGT
AGTGTGTGCGCGAGCTA,TAGCTCGCGCACACACT,GAATTCATAATGGGAGC,GCTCCCATTATGAATTC,TCTCCTACTGCAATTGC,GCAATTGCAGTAGGAGA,TCTCACGAAAAAGCG,CGCTTTTTCGTGAGA,AACGCGGTATACTTTTC,GAAAAGTATACCGCGTT,CGAGAACTGGCGTTTCC,GGAAACGCCAGTTCTCG
TGATCATATTGTAAAGG,CCTTTACAATATGATCA,GCTGCCGGACAGGGAGA,TCTCCCTGTCCGGCAGC,ATGATCAACCCGGCTGA,TCAGCCGGGTTGATCAT,ACGTAACGATGTAGG,CCTACATCGTTACGT,TCGGTTATCGGTGCACC,GGTGCACCGATAACCGA,GATCCCGGGACAACCAG,CTGGTTGTCCCGGGATC
ATTGATGTTTAAAAGTC,GACTTTTAAACATCAAT,TTGCCTCCACGTGTTGT,ACAACACGTGGAGGCAA,ATGCAGCCATGCACCAC,GTGGTGCATGGCTGCAT,GGGTGGCGGATCCCG,CGGGATCCGCCACCC,TTGCACGGTAAAGGCTG,CAGCCTTTACCGTGCAA,TTAAAGTGAGCCAGTAT,ATACTGGCTCACTTTAA
TTCCGGACAAAGAGCCT,AGGCTCTTTGTCCGGAA,ATAGTCGCCTAAGGCGC,GCGCCTTAGGCGACTAT,CACTCCAACTCATATTC,GAATATGAGTTGGAGTG,CCCCACCCTTGTCGC,GCGACAAGGGTGGGG,AGATGTACAGCTGCCCA,TGGGCAGCTGTACATCT,CTTCAAGGCGTATGATA,TATCATACGCCTTGAAG
CAGATTCTCCCGTTTAA,TTAAACGGGAGAATCTG,CGTTCATGTGATTTTCG,CGAAAATCACATGAACG,ACGATGTTCGTGCGGTA,TACCGCACGAACATCGT,CCCCCCTATCTCGGC,GCCGAGATAGGGGGG,AGTCCGCTAATGCCGGC,GCCGGCATTAGCGGACT,GCGTCTTACAACTCAGT,ACTGAGTTGTAAGACGC
AAACTGCTCCCGCGCTC,GAGCGCGGGAGCAGTTT,AGGGCAACGGGGGCTCT,AGAGCCCCCGTTGCCCT,CCCGGACAAAGCCCCAG,CTGGGGCTTTGTCCGGG,CCCCGAAGCGCGAGC,GCTCGCGCTTCGGGG,TCGAACATGGAAATCCA,TGGATTTCCATGTTCGA,AAAAGCTGTGAGGTACA,TGTACCTCACAGCTTTT
CGGAGTACGTTCCCTCG,CGAGGGAACGTACTCCG,CGTCGTCGAGAAAAAGA,TCTTTTTCTCGACGACG,CCGAGTGTAAGATGAGA,TCTCATCTTACACTCGG,CCCCCCTTGCGCGGC,GCCGCGCAAGGGGGG,GTAACTAGGGACTACAC,GTGTAGTCCCTAGTTAC,GTTCCGGCTAGGAGGAT,ATCCTCCTAGCCGGAAC
ACGGTCGAGGGGGCAAA,TTTGCCCCCTCGACCGT,CTCGTCGTCCAATTCGG,CCGAATTGGACGACGAG,ATGAGCCCGCCCTCTTA,TAAGAGGGCGGGCTCAT,CCATCAAACTCGGGC,GCCCGAGTTTGATGG,CCTATTACTGCCAATCG,CGATTGGCAGTAATAGG,ACTCGCACGATGCAGAT,ATCTGCATCGTGCGAGT
GAACGTGATCATGTGGT,ACCACATGATCACGTTC,CCGTTTACTTAGCCGGA,TCCGGCTAAGTAAACGG,GCAGTGCTATGAAAGAC,GTCTTTCATAGCACTGC,CCCCCCCCTTCAGGC,GCCTGAAGGGGGGGG,AAAGCAAGCAGGCTGTG,CACAGCCTGCTTGCTTT,CCCACGGTAGTGTATAC,GTATACACTACCGTGGG
TCCTAGACGTGATTAAC,GTTAATCACGTCTAGGA,CATGTAGTGATTAGCGT,ACGCTAATCACTACATG,CAACTCTCAGAAAAGAG,CTCTTTTCTGAGAGTTG,CCCCCGCGAGGGCGC,GCGCCCTCGCGGGGG,TAGCTTGGACAGCAAAC,GTTTGCTGTCCAAGCTA,CACGCAATTCAGGGGAG,CTCCCCTGAATTGCGTG
TGGCGGCGGATGAAGTG,CACTTCATCCGCCGCCA,AGATTCAAGGTACAGAA,TTCTGTACCTTGAATCT,GGAAGAAAAGTCTCCGC,GCGGAGACTTTTCTTCC,CCCCAGCTCGTATCG,CGATACGAGCTGGGG,TTTAAAGATGTATCTCT,AGAGATACATCTTTAAA,AACCAACTTGGTGCGTT,AACGCACCAAGTTGGTT
AATTGGTGATATCCGAT,ATCGGATATCACCAATT,AGCAAGTAGGGACCCGC,GCGGGTCCCTACTTGCT,GGCATAGCCAACAAGCT,AGCTTGTTGGCTATGCC,CCCCCAACGGTCTGC,GCAGACCGTTGGGGG,TCTTGTACAAGACGCAC,GTGCGTCTTGTACAAGA,GGTCGCTGGTACAAGAG,CTCTTGTACCAGCGACC
